"rep","method","rG","r12","r13","r23","rI1","rI2","rI3","eG","e12","e13","e23","eI1","eI2","eI3","time","error"
1,"PPD",4,1,1,4,0,0,3,0.0819138725326757,0.041519924660543,0.0770964901152287,0.246629873728721,1,1,0.0681896292356469,607.681,NA
1,"BIDIFAC+",4,1,4,8,1,1,12,0.226906398782618,0.0370499881248739,0.541953923556092,0.109678586592002,0.380438669559112,0.999140344712925,0.177426538507669,1504.09,NA
2,"PPD",4,1,1,3,0,1,4,0.193544499599192,0.387141028900522,0.0389718468409294,0.192845161270546,1,0.869437873028055,0.0510832447417279,607.735,NA
2,"BIDIFAC+",4,1,5,7,2,1,12,0.233185641445285,0.0380718791351534,0.582025195552631,0.113592579104837,0.376212949056307,0.998591522631,0.176540004856177,1640.466,NA
3,"PPD",4,1,1,3,0,1,4,0.205143551169826,0.400482439161759,0.106966056331849,0.152193910319054,1,0.913137265463242,0.0586614250428705,608.497,NA
3,"BIDIFAC+",5,1,5,8,2,1,12,0.210718713358973,0.0360983451384912,0.447653028219852,0.108377261841622,0.357965916176073,0.999847498991493,0.180038442625974,1647.233,NA
4,"PPD",4,1,1,3,0,1,4,0.0845200715622032,0.0179163040631304,0.069932156430528,0.156990502414925,1,0.78700934899701,0.0491152654727387,606.751,NA
4,"BIDIFAC+",4,1,4,7,2,1,11,0.224575970935092,0.0375386030672139,0.57146165817195,0.112201607718532,0.398554994498078,0.999516787411699,0.175271468681827,1557.702,NA
5,"PPD",4,1,1,2,0,2,5,0.421555648788819,1.05637852004619,0.0803485369214839,0.0251392654454597,1,0.375636776851804,0.0177864311391099,612.276,NA
5,"BIDIFAC+",4,1,5,7,2,1,12,0.231973210788188,0.0366986730236243,0.585039148781207,0.111485169065098,0.377495498402565,0.997515526976523,0.168794130121306,1597.608,NA
6,"PPD",4,1,1,3,0,1,4,0.360120687305165,0.884662329130873,0.0917028925053625,0.19999287473203,1,0.852295263474923,0.0525581690364839,607.231,NA
6,"BIDIFAC+",4,1,4,7,2,1,12,0.228053011242537,0.0364888319690088,0.553896869229869,0.108837944774286,0.361891379779695,0.998472537139158,0.177446088210733,2591.086,NA
7,"PPD",4,1,1,3,0,1,4,0.34131456502017,0.843693603697575,0.047324463374445,0.160893228027866,1,0.855268733804103,0.0452767084136685,1118.96,NA
7,"BIDIFAC+",4,1,4,8,2,1,12,0.21551540038179,0.0384565194230025,0.512177264741524,0.105572125052047,0.374786764164478,0.998776376721918,0.172451648295293,2706.95,NA
8,"PPD",4,1,1,2,0,2,5,0.417286308897611,1.07377532345086,0.278969466163294,0.0946651692990161,1,0.698774334718732,0.0366820369325043,611.876,NA
8,"BIDIFAC+",3,1,5,7,2,1,12,0.225313509832275,0.0374225319719012,0.561908853569013,0.109045713515514,0.372897578516725,0.999693369551652,0.177577703377842,1625.347,NA
9,"PPD",4,1,1,3,0,1,4,0.31600246457043,0.772251385055361,0.0719750075510997,0.155890699537563,1,0.814458774038125,0.0449136876065328,1117.25,NA
9,"BIDIFAC+",5,1,5,8,2,1,12,0.209718133953037,0.0379509229556686,0.460690378574418,0.106010049505284,0.382147319550358,0.99930175398164,0.182135904329893,2764.074,NA
10,"PPD",4,1,1,4,0,0,3,0.110563327536873,0.0513528927773344,0.052385589126493,0.196526263927135,1,1,0.0656816098586735,1127.82,NA
10,"BIDIFAC+",4,1,5,8,1,1,12,0.205865613701118,0.0355208799097806,0.466247481245225,0.101697908111166,0.378041377961632,0.999931881908689,0.179456246944464,2025.282,NA
11,"PPD",4,1,1,3,0,1,4,0.103521510236152,0.0806675833974515,0.0913551786013684,0.163920712993204,1,0.790533433055269,0.0523609847074894,620.635,NA
11,"BIDIFAC+",4,1,4,8,2,1,12,0.214850426620992,0.0386819278617392,0.494957924101561,0.109344736729702,0.362179091503303,0.999427850548443,0.181884793911553,1548.072,NA
12,"PPD",4,1,1,3,0,1,4,0.243059680690521,0.517890628877356,0.120463666258307,0.198814346189073,1,0.885481421778888,0.0568337596658762,607.589,NA
12,"BIDIFAC+",4,1,4,7,1,1,12,0.223549309315421,0.0392442982640276,0.558473150473935,0.113897306034447,0.373506174524057,0.999261398966196,0.176417702641644,1648.11,NA
13,"PPD",4,1,1,3,0,1,4,0.0935993398372225,0.101467897825944,0.102941661245385,0.173975393877111,1,0.817460583293253,0.0531157641616853,622.494,NA
13,"BIDIFAC+",3,1,4,8,1,1,12,0.207170490132759,0.0364505589609478,0.442844985719537,0.102460437790515,0.365008055675894,0.998281049776777,0.181571842547478,2213.54,NA
14,"PPD",4,1,1,3,0,1,4,0.348184095247761,0.861315100687196,0.140438540605967,0.217865864830806,1,0.946381534774432,0.0586802608032138,1117.151,NA
14,"BIDIFAC+",4,1,5,8,2,1,12,0.21743301354042,0.0388023175161823,0.508261875522455,0.113322238450177,0.388759383344702,0.998879056113508,0.174898673117403,2724.383,NA
15,"PPD",4,1,1,3,0,1,4,0.406435589507137,1.01173168225089,0.03956314936941,0.165983064073481,1,0.766181925104594,0.0467985864948446,606.098,NA
15,"BIDIFAC+",5,1,6,7,2,1,12,0.213331914033901,0.0372012560636996,0.506472313600316,0.100104040405632,0.415315395153374,0.99962848740948,0.180611437316186,1654.598,NA
16,"PPD",4,1,1,3,0,1,4,0.330720052461925,0.790793202206689,0.13143612778134,0.176503980781342,1,0.753780356471762,0.0488871751157078,1125.939,NA
16,"BIDIFAC+",5,2,4,7,2,1,12,0.216502609183273,0.0386810407527354,0.521029952701223,0.107851456793323,0.37385048590742,0.998839468913289,0.174654617991294,2614.045,NA
17,"PPD",4,1,1,3,0,1,4,0.234721530912885,0.496791825407347,0.148154187229553,0.198452329159409,1,0.873276195584017,0.0563835479328676,1124.226,NA
17,"BIDIFAC+",5,1,5,7,2,1,12,0.211047778704839,0.0382892970932857,0.504068140539655,0.105760257053306,0.395406896892187,0.999893385967361,0.180735111238188,2762.889,NA
18,"PPD",4,1,1,3,0,1,4,0.372380810426575,0.91695444390076,0.192535171330016,0.186651641476965,1,0.830080267641005,0.058161846823369,606.684,NA
18,"BIDIFAC+",5,1,5,7,2,1,11,0.2121532942594,0.0394785752166053,0.460637509983928,0.109250623388817,0.368964592186284,0.999522552961493,0.181933382918635,1553.535,NA
19,"PPD",4,1,1,3,0,1,4,0.200893730407787,0.374307287857266,0.120672349560927,0.14806559339832,1,0.871589354047789,0.0563525514280758,1046.279,NA
19,"BIDIFAC+",4,2,4,7,2,1,12,0.238196710825711,0.0379249855817619,0.613006689984598,0.114431505244362,0.378511074789472,0.999997206748764,0.170658470660405,1588.232,NA
20,"PPD",4,1,1,3,0,1,4,0.0740813919509216,0.021257577613101,0.0532076168528065,0.129616400108831,1,0.795089608627938,0.0510644670357442,608.859,NA
20,"BIDIFAC+",5,1,4,8,2,1,12,0.213841653905816,0.0367588170880534,0.469650001507478,0.111950547741366,0.375519387530258,0.999719334838948,0.175935482557605,1580.956,NA
21,"PPD",4,1,1,3,0,1,4,0.402425116574364,0.974610996970694,0.0360408591345241,0.183436738444361,1,0.750392557056638,0.0493658628336832,1129.672,NA
21,"BIDIFAC+",4,1,4,7,2,1,12,0.23428409779742,0.037138478024495,0.61414223522671,0.108338661634457,0.380149637385255,0.998514106683523,0.170788796686182,2696.459,NA
22,"PPD",4,1,1,3,0,1,4,0.342064106966957,0.828719118407375,0.0416053004930265,0.118344851309237,1,0.714510699898546,0.0396132823415009,609.02,NA
22,"BIDIFAC+",4,1,4,8,2,1,12,0.204567525306728,0.0373007574844462,0.497456710683379,0.104516341279434,0.392406685058773,0.998391703523711,0.176198748389085,2269.334,NA
23,"PPD",4,1,1,4,0,0,3,0.0760475127111746,0.014966207364021,0.0843765088341393,0.256795675574191,1,1,0.0662425471489837,607.756,NA
23,"BIDIFAC+",5,2,4,7,1,1,12,0.212906680871662,0.0367056208879064,0.533354996918674,0.104816553553084,0.376969370830002,0.999686435413638,0.179993984610875,1501.5,NA
24,"PPD",4,1,1,3,0,1,4,0.35012927303244,0.836079868026941,0.216223199363583,0.178584843330246,1,0.836769246174544,0.0599419458244496,1044.428,NA
24,"BIDIFAC+",4,1,4,8,2,1,12,0.213503934199184,0.0365862633290964,0.503034504529863,0.105688737784559,0.380907527927643,0.997629494846411,0.178411383122772,1450.089,NA
25,"PPD",4,1,1,4,0,0,3,0.0817211503291393,0.0172524569437215,0.0843626556925917,0.231068344391672,1,1,0.0661402681316692,871.477,NA
25,"BIDIFAC+",4,1,4,7,2,1,12,0.208459593319875,0.0363396473734264,0.493382721733053,0.108560719149843,0.386084601811261,0.998136280766789,0.179135592636973,1760.131,NA
26,"PPD",4,1,1,3,0,1,4,0.2998331031602,0.692010369029068,0.17568872404187,0.166555789221932,1,0.907969419273117,0.0622017154482743,599.857,NA
26,"BIDIFAC+",4,1,4,7,2,1,12,0.208521235802446,0.038316003620089,0.493192431160811,0.0980223802696346,0.366785373596767,0.99997300303088,0.178569249343118,1576.7,NA
27,"PPD",4,1,1,3,0,1,4,0.0681563020561161,0.0173234212918018,0.0998638135984391,0.186348725581718,1,0.8146671076662,0.0515325193113561,605.971,NA
27,"BIDIFAC+",4,1,4,7,2,1,12,0.229640760404116,0.0388800253993452,0.554551729687312,0.107462081490037,0.351730197736972,0.999783935850968,0.175200239045764,1647.481,NA
28,"PPD",4,1,1,3,0,1,4,0.367477636694239,0.899842396376334,0.140759287812512,0.1837037138498,1,0.751953215462138,0.0498083401200994,600.309,NA
28,"BIDIFAC+",5,1,5,7,1,1,11,0.212939075892155,0.0382261574103362,0.495388315777227,0.106129671169572,0.367097952019287,0.999769954298475,0.179691791484093,1542.118,NA
29,"PPD",4,1,1,3,0,1,4,0.340342778713123,0.805125929873754,0.150823402486646,0.193747709989182,1,0.825444753291971,0.055454084064941,599.965,NA
29,"BIDIFAC+",5,1,5,7,1,1,12,0.22066160615113,0.0361689046602329,0.556615657918551,0.109446435175372,0.388772334250907,0.998407639372834,0.171518978187208,1513.679,NA
30,"PPD",4,1,1,3,0,1,4,0.213442264686504,0.420061077215897,0.10740283030296,0.171219839324305,1,0.923869338885772,0.0603017882571608,600.134,NA
30,"BIDIFAC+",4,1,5,8,2,1,12,0.204484073425936,0.0370259429107002,0.465164736853352,0.100792243904192,0.366241391240627,0.999081427590375,0.175993392907849,1488.085,NA
31,"PPD",4,1,1,3,0,1,4,0.337381801706981,0.805573065653296,0.176261457532761,0.174872285170016,1,0.824969343729238,0.0562116376362703,599.259,NA
31,"BIDIFAC+",4,1,5,8,2,1,12,0.22153233246639,0.0378352843317693,0.513023352233413,0.108985931967423,0.37386810794272,0.999878186179668,0.176025404587465,1654.382,NA
32,"PPD",4,1,1,3,0,1,4,0.257821221344138,0.580009006905395,0.127210423107561,0.187083422264607,1,0.863140989077572,0.0574098957978445,599.177,NA
32,"BIDIFAC+",4,1,5,7,2,1,12,0.214201038354544,0.0389266976291693,0.48887568374862,0.108677813856973,0.38418892336148,0.99851706175535,0.173330400055427,1583.463,NA
33,"PPD",4,1,1,3,0,1,4,0.21413016372939,0.412205709367681,0.137519004129832,0.208075276984597,1,0.854675794158252,0.0553744929782248,602.695,NA
33,"BIDIFAC+",3,1,5,8,2,1,12,0.199473355277943,0.0363104381182107,0.434247264232699,0.100677346541298,0.38087457025968,0.999751188614663,0.179494973667437,1547.502,NA
34,"PPD",4,1,1,3,0,1,4,0.0719585307494449,0.0177093411609092,0.0583361950039118,0.148368761072063,1,0.842336786091012,0.0545457952914799,621.471,NA
34,"BIDIFAC+",5,1,5,8,1,1,12,0.229272472742959,0.0370959946628989,0.554824487522587,0.114168120414158,0.405567537661078,0.999876011697014,0.175234288821135,1437.295,NA
35,"PPD",4,1,1,3,0,1,4,0.289238050770263,0.673274054060482,0.0990175293929277,0.312192775285971,1,1.01608980704999,0.0673457456919539,603.417,NA
35,"BIDIFAC+",4,1,5,8,1,1,12,0.20501843615637,0.0376802585160489,0.444785618128839,0.100155819993389,0.394718689588224,0.999999584293503,0.185358956660641,1723.216,NA
36,"PPD",4,1,1,3,0,1,4,0.383868507524585,0.949363098533616,0.382027011610444,0.177729123578426,1,0.855682111267078,0.0793218933682432,600.064,NA
36,"BIDIFAC+",4,1,5,7,2,1,12,0.227633244119023,0.0367658792192132,0.576466406340694,0.109839218524961,0.395325160742316,0.998648890072111,0.17146602229286,1511.063,NA
37,"PPD",4,1,1,3,0,1,4,0.140567609783392,0.206165438626367,0.117049474311431,0.177041601633603,1,0.758511516821031,0.0498420335812395,1083.824,NA
37,"BIDIFAC+",4,2,5,8,2,1,12,0.222209448739608,0.0380195669711937,0.541464363657694,0.110369865353487,0.396593550040281,0.999911256717269,0.172620947774612,2507.634,NA
38,"PPD",4,1,1,3,0,1,4,0.0874118762409182,0.0905525723834113,0.0968314651173939,0.186207607060698,1,0.789032809952757,0.0514643395118092,598.423,NA
38,"BIDIFAC+",4,1,5,7,2,1,12,0.223887853190381,0.0389088249049729,0.517389757716363,0.111987870324175,0.371208347298218,0.99720355337188,0.179642701963671,1524.409,NA
39,"PPD",4,1,1,3,0,1,4,0.388761007448138,0.951551584034729,0.255549395000521,0.184964253001444,1,0.801084880448657,0.0629262751479156,1121.116,NA
39,"BIDIFAC+",4,1,4,7,1,1,11,0.225237938912769,0.0367270803446484,0.581944528696969,0.108980533970348,0.39918175183449,0.99996943818532,0.171443008372482,2525.108,NA
40,"PPD",4,1,1,3,0,1,4,0.0682737223408957,0.0350370398515363,0.0511516748294568,0.175813640831571,1,0.878390393697429,0.0548493760818624,600.061,NA
40,"BIDIFAC+",4,1,4,7,2,1,11,0.220719625761959,0.0381435316495582,0.547963412252204,0.11041539658272,0.372804367456622,0.999141975157754,0.179227161683015,1541.018,NA
41,"PPD",4,1,1,3,0,1,4,0.159778015432078,0.265686694014537,0.121609490314964,0.154131746433473,1,0.890358465348008,0.0580633551797659,611.759,NA
41,"BIDIFAC+",4,1,4,8,2,1,11,0.212076470195824,0.0380331897894699,0.489512139176077,0.102960736021153,0.361482333422217,0.998113412807326,0.17647148096503,1502.748,NA
42,"PPD",4,1,1,3,0,1,4,0.0987930646996912,0.115436338110918,0.125525820058876,0.187503845884387,1,0.859856934560746,0.0548589959966031,1125.56,NA
42,"BIDIFAC+",4,1,5,8,1,1,12,0.218341011140156,0.0379960519290358,0.51994793020703,0.107521534065951,0.369476786701182,0.999924218217259,0.180417975080003,2544.648,NA
43,"PPD",4,1,1,3,0,1,4,0.178749564609038,0.347451682681652,0.141395154782877,0.180899591877743,1,0.814020811450105,0.0543699311670637,600.304,NA
43,"BIDIFAC+",3,1,4,7,2,1,12,0.230645641008857,0.0387458232346442,0.593961689501047,0.113680409460354,0.386205107433264,0.999355442545603,0.171939705204755,1411.623,NA
44,"PPD",4,1,1,3,0,1,4,0.321528553821766,0.750984014362317,0.180042250180136,0.178451702834597,1,0.812303831977343,0.0584373853509602,1116.439,NA
44,"BIDIFAC+",4,1,5,7,1,1,12,0.236340280929736,0.036698742009347,0.584155776038072,0.114971863702236,0.408216907682313,0.999979777705364,0.174438368549693,1881.888,NA
45,"PPD",4,1,1,3,0,1,4,0.0754861285240557,0.0173252264528588,0.105164691206595,0.194411583554712,1,0.831338121790023,0.0519727078587373,1067.722,NA
45,"BIDIFAC+",4,1,5,8,1,1,12,0.208068008328031,0.0355519744767424,0.462251830910617,0.108559234181431,0.405605305527639,0.999318713078626,0.17717387802763,2380.39,NA
46,"PPD",4,1,1,4,0,0,3,0.0784329219094138,0.0170179786361704,0.0893096862410044,0.223565140666634,1,1,0.0657702033046103,1109.158,NA
46,"BIDIFAC+",4,1,4,7,2,1,11,0.205155180215884,0.0395260821137104,0.477721783703977,0.102336191546634,0.380630773974751,0.999507245940549,0.177271301917547,1707.504,NA
47,"PPD",4,1,1,3,0,1,4,0.0882991070766971,0.0387580803289597,0.0877175177416992,0.214178170286634,1,0.769613358836029,0.051780678168352,1124.182,NA
47,"BIDIFAC+",4,1,5,7,1,1,12,0.213624028539267,0.0372529065401544,0.503828499699068,0.105531781974833,0.386485139524931,0.998991765531627,0.175740039719123,1762.794,NA
48,"PPD",4,1,1,3,0,1,4,0.384464126005657,0.947729213654753,0.11705954236293,0.179515205462663,1,0.735095596568608,0.0494838654825428,1087.073,NA
48,"BIDIFAC+",4,1,5,8,1,1,12,0.207467635079214,0.0389772457949043,0.493604189611364,0.100617116646522,0.379527244645209,0.999914902857061,0.178453404999624,1537.575,NA
49,"PPD",4,1,1,3,0,1,4,0.168042879439039,0.286604880612667,0.113699081584353,0.174274438163949,1,0.813416018458589,0.0501145153517299,1114.427,NA
49,"BIDIFAC+",4,1,6,8,2,1,12,0.220538359983883,0.038788111158798,0.557459809180975,0.106152038600562,0.388430795854308,0.99821152593934,0.171383327221803,2470.969,NA
50,"PPD",4,1,1,4,0,0,3,0.0957382432457846,0.0583826685175552,0.0673289196453989,0.199144468634918,1,1,0.0657648763364409,1121.904,NA
50,"BIDIFAC+",3,1,5,8,1,1,12,0.219910470993782,0.0391184482686829,0.503038590783456,0.109339670580416,0.385792082502895,0.999771284675158,0.179363867898375,2717.611,NA
51,"PPD",4,1,1,3,0,1,4,0.387488656114116,0.951554831272621,0.184026746389803,0.193933310890528,1,0.833249318262344,0.0602607449645217,601.752,NA
51,"BIDIFAC+",4,2,4,7,2,1,12,0.228415057863321,0.0375052695907216,0.585909714058274,0.106645184124092,0.403120994590661,0.999983513455481,0.174053564758468,1536.417,NA
52,"PPD",4,1,1,4,0,0,3,0.142658009998722,0.193202809268154,0.0460253112778514,0.220707200100785,1,1,0.0662625210667027,599.759,NA
52,"BIDIFAC+",4,1,5,7,2,1,12,0.23957323918181,0.0384173491861492,0.622885278813636,0.115181495828465,0.399168677857592,0.999426815460388,0.169775134916854,2149.752,NA
53,"PPD",4,1,1,3,0,1,4,0.381781642020065,0.945464968050935,0.293614004744011,0.198821974692033,1,0.867526339778926,0.068321860002186,598.169000000001,NA
53,"BIDIFAC+",4,1,4,8,1,1,12,0.209676948244477,0.0379120044146253,0.483233089590457,0.10285562257246,0.384816744121602,0.999135165252798,0.177531685798632,1627.562,NA
54,"PPD",4,1,1,3,0,1,4,0.170406388162997,0.27971866836022,0.124785499404272,0.176838554791376,1,0.834113931062382,0.0520973141474716,600.102000000001,NA
54,"BIDIFAC+",3,1,5,7,1,1,12,0.223180058737906,0.0355746548797269,0.570672918874719,0.114363599759938,0.35698339704506,0.999214289573204,0.170660873978703,1453.173,NA
55,"PPD",4,1,1,3,0,1,4,0.204368833587866,0.415673991527994,0.0419796701685264,0.233172998471205,1,0.941225764777425,0.0582581281532843,821.047,NA
55,"BIDIFAC+",5,1,4,7,1,1,12,0.229120820705887,0.0382663503520687,0.564492198761622,0.105530659922721,0.359072377073687,0.99925688959092,0.175916223717979,2357.418,NA
56,"PPD",4,1,1,3,0,1,4,0.268460212335536,0.597028222736233,0.144862683004365,0.182974789365054,1,0.823903840845592,0.0563186594419684,607.65,NA
56,"BIDIFAC+",3,1,5,8,1,1,12,0.21398050739423,0.0360001000442738,0.498284133056752,0.107265763894012,0.363624320819636,0.999591035647592,0.174986341128722,1515.971,NA
57,"PPD",4,1,1,2,0,2,5,0.197499314587392,0.371453701798335,0.100583787070287,0.0817869273435734,1,0.426389404574974,0.0241757380845303,601.139,NA
57,"BIDIFAC+",4,1,5,8,2,1,12,0.225562005938092,0.0385550893471909,0.571795504504523,0.105457364892002,0.38050510376761,0.999586137245436,0.180022743791131,1640.358,NA
58,"PPD",4,1,1,4,0,0,3,0.0981250586631238,0.0751431342182675,0.0893945229902269,0.215874603772771,1,1,0.0697271856856067,602.513,NA
58,"BIDIFAC+",4,1,5,7,1,1,12,0.227770516962394,0.037493563552485,0.586038354915538,0.107461408443089,0.390144414153492,0.999849368570349,0.172767220843421,1487.766,NA
59,"PPD",4,1,1,3,0,1,4,0.168073847487323,0.294632364523134,0.135193966584988,0.179468502270524,1,0.765236605673204,0.0467459799983683,615.536,NA
59,"BIDIFAC+",3,1,5,8,2,1,12,0.220472416552185,0.0381866611406526,0.520963567183068,0.111161680651719,0.391777451482764,0.99886667155542,0.174115904652819,1485.585,NA
60,"PPD",4,1,1,4,0,0,3,0.0870085349756816,0.0360804148169005,0.0773417402682695,0.237703168452324,1,1,0.067442930320339,598.542,NA
60,"BIDIFAC+",4,1,4,7,2,1,12,0.238408359077245,0.0365837158981387,0.608773190526941,0.116934997315457,0.379370849672569,0.999213138000246,0.170789374425198,1600.26,NA
61,"PPD",4,1,1,3,0,1,4,0.411788365092102,1.04566108654334,0.641790974058827,0.182700533012967,1,0.797645214306794,0.108293636702615,1076.734,NA
61,"BIDIFAC+",4,1,4,9,2,1,11,0.221635662575394,0.0388795204973215,0.526388740330312,0.112112687503321,0.385661375736129,0.998688336565233,0.176485426235135,2102.566,NA
62,"PPD",4,0,1,4,1,1,3,0.409252867794657,1,0.216169113510009,0.284212363065339,0.253244307548263,0.938290363682315,0.0680693185153792,598.607,NA
62,"BIDIFAC+",3,2,5,8,1,1,12,0.216849093958663,0.03824419214702,0.530496881985477,0.106084961346625,0.383512202212747,0.99936670303562,0.172149532525772,1396.384,NA
63,"PPD",4,1,1,3,0,1,4,0.0628727772406865,0.0243740560117182,0.0977005073902541,0.17539297638448,1,0.807136314166033,0.0524847328397953,599.495,NA
63,"BIDIFAC+",4,1,4,8,1,1,12,0.223749762858058,0.037220777206978,0.592276630160731,0.106523669424908,0.396088708308733,0.999985942487247,0.169274384331508,2384.589,NA
64,"PPD",4,1,1,3,0,1,4,0.0568609528387398,0.0289190751434371,0.0861272444249675,0.185030831153879,1,0.768029711770712,0.0482949336051915,605.803,NA
64,"BIDIFAC+",4,1,4,7,2,1,12,0.218195173935899,0.0393700249534009,0.52953198061385,0.106558736678534,0.370349752793845,0.999706691413972,0.175535951797284,1591.143,NA
65,"PPD",4,1,1,3,0,1,4,0.279037779217401,0.616791552097513,0.164485404327517,0.178620760308985,1,0.83734959003971,0.0563352772291823,600.393,NA
65,"BIDIFAC+",3,1,4,8,1,1,12,0.207341221561692,0.0372018513641112,0.46551843092504,0.106468144437023,0.358715936157982,0.998796360827737,0.179955719313656,1625.592,NA
66,"PPD",4,1,1,2,0,2,5,0.0703813495645442,0.0154335270750444,0.0816630217834229,0.0217273276096612,1,0.45131869224088,0.0250920820950934,1113.054,NA
66,"BIDIFAC+",3,1,4,7,2,1,12,0.226154996045593,0.0377760362560149,0.596405713650129,0.110195907718816,0.380100911096597,0.999650429771548,0.16796918372929,2314.728,NA
67,"PPD",4,1,1,4,0,0,3,0.0790602119317663,0.023462099657084,0.0962652344418821,0.235117199653692,1,1,0.0664590772058455,604.11,NA
67,"BIDIFAC+",4,1,5,8,2,1,12,0.210468773397445,0.0375784256809992,0.487537649822186,0.104800998826417,0.360389889543369,0.998750050096475,0.177908202362777,1524.58,NA
68,"PPD",4,1,1,3,0,1,4,0.385701485738443,0.930727459402045,0.0780770997952001,0.183230608577182,1,0.797309565431564,0.0517081101947741,1120.969,NA
68,"BIDIFAC+",4,2,4,7,1,1,12,0.227745800646864,0.0349713081424469,0.584006485446761,0.112207666589379,0.378107158524001,0.999966628868308,0.176276633168061,2833.039,NA
69,"PPD",4,1,1,3,0,1,4,0.0779266362989765,0.0671786187172708,0.106718442128446,0.154192826866438,1,0.729671366191734,0.0486448455449637,608.154,NA
69,"BIDIFAC+",4,1,5,7,2,1,12,0.22806509997391,0.0388246859825262,0.557825213145966,0.116397329377035,0.385286776034726,0.998828145401719,0.170927342895841,1530.571,NA
70,"PPD",4,1,1,4,0,0,3,0.0788630303813526,0.0209415063622148,0.0743376350074043,0.238613998797776,1,1,0.0667462039191071,603.963,NA
70,"BIDIFAC+",4,1,4,7,1,1,11,0.211423563358366,0.0362550696783348,0.451815345542282,0.108657883807393,0.366699580094609,0.99979581522764,0.179639939131633,1738.324,NA
71,"PPD",4,1,1,3,0,1,4,0.107490188178641,0.0301969293492287,0.079138602011928,0.196263414831448,1,0.802178081703423,0.0506164582559144,602.71,NA
71,"BIDIFAC+",4,1,4,7,1,1,12,0.222408068982936,0.0388383970136067,0.533662385953876,0.110453664301525,0.382281227710639,0.998544852334406,0.171434767284191,1517.345,NA
72,"PPD",4,1,1,2,0,2,5,0.210488879132787,0.411968075060451,0.125345988829834,0.0796745735952132,1,0.438303966641676,0.0254389170712627,659.110000000001,NA
72,"BIDIFAC+",5,1,4,8,2,1,12,0.205067937079267,0.0404636378001715,0.478309459217444,0.102651840373495,0.399138172137656,0.998951154961719,0.174156567587274,2570.261,NA
73,"PPD",4,1,1,3,0,1,4,0.0661786487822762,0.0153877952421918,0.089722152854644,0.158839433074387,1,0.81483521373817,0.0509261091700773,608.547,NA
73,"BIDIFAC+",4,1,4,7,1,1,12,0.225470035567285,0.0372011154760723,0.577061481599418,0.110236668729745,0.379276829964395,0.999689786525944,0.168468252306276,1440.023,NA
74,"PPD",4,1,1,3,0,1,4,0.395958158493545,0.995253753962493,0.844610543262933,0.182370267248636,1,0.890299902505239,0.133573539522196,601.647,NA
74,"BIDIFAC+",4,1,4,8,1,1,12,0.212480090457804,0.0369622263487108,0.499062875108149,0.105785669542295,0.386774632938618,0.99998416677269,0.176582573653758,1502.275,NA
75,"PPD",4,1,1,4,0,0,3,0.0783340582211257,0.0161924323260058,0.072628302537372,0.269609514679974,1,1,0.0667245075767957,598.775,NA
75,"BIDIFAC+",4,2,5,8,2,1,12,0.218416327188928,0.0388187386420253,0.529532297569493,0.110161912445282,0.365907380715895,0.997662616580584,0.175435789773661,1542.847,NA
76,"PPD",4,1,1,3,0,1,4,0.219545929460548,0.465747932214723,0.106156510732759,0.194556025986454,1,0.822534635325949,0.0522393947767945,1116.548,NA
76,"BIDIFAC+",4,2,5,8,2,1,12,0.215598934599968,0.0370814499342587,0.514843753058279,0.107029591970995,0.355922775890655,0.997543878835592,0.17877111643583,2804.124,NA
77,"PPD",4,1,1,3,0,1,4,0.3565074700261,0.940873743125349,0.0928687055362265,0.300518022101052,1,1.0799618449338,0.0604821902838313,816.607999999999,NA
77,"BIDIFAC+",4,1,5,7,1,1,12,0.230532587431832,0.0363888551745653,0.591445524984781,0.112607971929765,0.371987763408415,0.998427106312805,0.173506523698745,2886.648,NA
78,"PPD",4,1,1,3,0,1,4,0.153763290727741,0.228306383656277,0.0947192267901238,0.16082179488042,1,0.868956153658585,0.0588102945530718,614.167,NA
78,"BIDIFAC+",4,1,4,7,2,1,12,0.233306526280747,0.0404381511509152,0.580637262199188,0.116171359238267,0.369723138186413,0.997492193630212,0.172868635198994,1502.275,NA
79,"PPD",4,1,1,3,0,1,4,0.398521301135683,0.988040588886135,0.74903256368999,0.16904043462322,1,0.828042511609082,0.121804303633934,598.877,NA
79,"BIDIFAC+",4,1,5,7,1,1,12,0.221715835131576,0.0346737588161375,0.563120406611218,0.105697349055423,0.401414190087702,0.997895655804245,0.176145006500554,1504.95,NA
80,"PPD",4,1,1,3,0,1,4,0.367499189520564,0.897792637199023,0.135243993855957,0.199412378716196,1,0.813307699942494,0.0512037107065698,599.477,NA
80,"BIDIFAC+",4,2,4,7,2,1,12,0.220404239939084,0.0377268266649098,0.523066624642325,0.107613963447375,0.360546695250478,0.999964857290223,0.172440406689831,1465.362,NA
81,"PPD",4,1,1,3,0,1,4,0.0654014917337785,0.0192385848553635,0.0700767176214245,0.198771373423291,1,0.813563593923077,0.0514294769646399,601.988,NA
81,"BIDIFAC+",3,1,4,7,2,1,12,0.211841739551585,0.0375338187213967,0.517768457752608,0.102074472525886,0.370655510929386,0.999790895905345,0.177477644948042,1558.914,NA
82,"PPD",4,1,1,4,0,0,3,0.1091669754802,0.1439918375191,0.0997390134736491,0.250263127011589,1,1,0.0704399716153183,1122.153,NA
82,"BIDIFAC+",4,1,5,8,2,1,12,0.206193096930553,0.0397669835158563,0.444999775708926,0.100396494044147,0.386464168474761,0.999857037161039,0.179191391789568,3018.032,NA
83,"PPD",4,1,1,3,0,1,4,0.155105213446946,0.273442956307372,0.148220645650365,0.177985753862602,1,0.776513503171227,0.0524481108023016,601.335,NA
83,"BIDIFAC+",5,1,5,7,2,1,11,0.233533165261714,0.0354572393664061,0.572176314576639,0.120006572840581,0.386406890217923,0.996575014461315,0.172303962503396,1839.358,NA
84,"PPD",4,1,1,3,0,1,4,0.383100182815179,0.953448785317066,0.060387523065015,0.165139402048163,1,0.729531401890185,0.0451698485320852,1125.591,NA
84,"BIDIFAC+",4,1,5,7,2,1,12,0.211792949177802,0.0385974443241307,0.500359956165678,0.105957950842175,0.379976289011213,0.999749051100264,0.177375990696654,2838.456,NA
85,"PPD",4,1,1,3,0,1,4,0.081671219457308,0.023701057180255,0.0617245614056471,0.214090391598811,1,0.878211116247034,0.0560442172305373,601.062000000001,NA
85,"BIDIFAC+",4,1,5,7,2,1,12,0.219346451613469,0.0377834226991285,0.481961570348398,0.114731905834856,0.378761357505928,0.999027071066403,0.181026161945629,2170.085,NA
86,"PPD",4,1,1,3,0,1,4,0.099011371808163,0.0748608670603928,0.0699414237432877,0.151359039269946,1,0.806747362657832,0.0524031220794513,1114.326,NA
86,"BIDIFAC+",4,1,6,8,2,1,12,0.205716807402815,0.0392515158361544,0.472634647197156,0.104171446359362,0.392320896894959,0.998428006661625,0.182321860543929,2932.28,NA
87,"PPD",4,1,1,4,0,0,3,0.0849502737976624,0.0590381366629605,0.0583823187116324,0.260633345993706,1,1,0.0677589294413625,606.136,NA
87,"BIDIFAC+",4,1,4,7,1,1,12,0.217613116788576,0.0374719314620032,0.541906807219088,0.109012829315401,0.36231923206859,0.997700164940608,0.175378889275173,2061.156,NA
88,"PPD",4,1,1,4,0,0,3,0.111548329855408,0.103822470206341,0.105739546668543,0.276508264090543,1,1,0.0669432422439947,1128.239,NA
88,"BIDIFAC+",3,1,5,8,2,1,12,0.226948315037606,0.0364730423804738,0.551191961355862,0.110236493048356,0.364330113098164,0.999719333437343,0.171658795313854,2812.933,NA
89,"PPD",4,1,1,3,0,1,4,0.174986895005352,0.312247000120726,0.127827172806267,0.185332855791776,1,0.854621225313762,0.0552517584058847,1114.695,NA
89,"BIDIFAC+",3,1,5,8,1,1,12,0.23686202354206,0.0361845676296444,0.62009215578965,0.116739772050105,0.373144145822987,0.998624787433722,0.174191062462256,2680.181,NA
90,"PPD",4,1,1,2,0,2,5,0.403033718608806,1.02330608530934,0.551867903447399,0.0125237659471448,1,0.301508591993292,0.062117633862665,604.190000000001,NA
90,"BIDIFAC+",4,1,5,7,2,1,12,0.23651573044989,0.0396980562441514,0.609186834833504,0.115732330942131,0.354849567644033,0.999599785439183,0.168046208204859,2169.623,NA
91,"PPD",4,1,1,3,0,1,4,0.0707567241007609,0.0369706507930544,0.103188260510199,0.189487175692285,1,0.838682819366623,0.0522058885813669,608.74,NA
91,"BIDIFAC+",3,1,4,7,2,1,12,0.230396856175884,0.0377717808906806,0.552953723994922,0.107942080280406,0.366649388946893,0.996881376127883,0.173850895700069,2924.165,NA
92,"PPD",4,1,1,4,0,0,3,0.0843304367980743,0.0249944977521343,0.071484416305549,0.267596231848728,1,1,0.0678726699746514,613.953,NA
92,"BIDIFAC+",3,1,5,8,2,1,12,0.213196266192735,0.037460968391844,0.493621877381924,0.102179976259309,0.372297175432581,0.997896102738264,0.180270022962697,2805.802,NA
93,"PPD",4,1,1,3,0,1,4,0.0764571629304676,0.0225708718383829,0.0989369074879192,0.153306096527275,1,0.811439844067565,0.053167298599482,682.402999999998,NA
93,"BIDIFAC+",4,1,4,7,1,1,12,0.233927166761147,0.0377105088712031,0.598884522102037,0.115090038666435,0.38346770146244,0.998989874511902,0.170340109670719,2692.153,NA
94,"PPD",4,1,1,3,0,1,4,0.402430161105144,1.01156361131476,0.4416738312579,0.189467465169991,1,0.901466705656835,0.0941340080626256,778.428,NA
94,"BIDIFAC+",4,1,6,7,2,1,12,0.221864384102018,0.0359540628408003,0.546351305463252,0.108486261527534,0.395181384068509,0.999108415789954,0.176471439799412,2825.114,NA
95,"PPD",4,1,1,3,0,1,4,0.241616831031827,0.536356964244415,0.0383125502795523,0.169932021823871,1,0.929315118949124,0.0532034281714407,805.873,NA
95,"BIDIFAC+",4,1,4,8,2,1,12,0.228417239073413,0.0365104268993507,0.555002973965468,0.114640431674365,0.38999057533348,0.997619565694343,0.174601183778074,2582.477,NA
96,"PPD",4,1,1,4,0,0,3,0.0781743328167504,0.0353755919325682,0.104372066240521,0.270469225683106,1,1,0.0670367255862106,820.697,NA
96,"BIDIFAC+",4,1,5,7,2,1,11,0.220799230986027,0.0396550885537535,0.540888114090522,0.115286447081224,0.381963022442232,0.999575960601765,0.172438884137297,2464.922,NA
97,"PPD",4,1,1,3,0,1,4,0.0629828955491977,0.0186537971453887,0.107836082488938,0.207431737226854,1,0.777318118361703,0.0477454197764672,896.793000000001,NA
97,"BIDIFAC+",5,1,4,7,2,1,11,0.226472705021272,0.0395615548301772,0.54176426165421,0.1143485532731,0.379953496826083,0.999690753027691,0.173945190751991,2448.737,NA
98,"PPD",4,1,1,3,0,1,4,0.323528798189327,0.771324236482086,0.143076236574103,0.214618368908376,1,0.928971524002285,0.060239825297441,934.84,NA
98,"BIDIFAC+",3,1,4,8,1,1,12,0.212155524003576,0.0365915190683392,0.474597155422295,0.102081520519869,0.375706079716147,0.998531651882391,0.178670029964247,2492.131,NA
99,"PPD",4,1,1,4,0,0,3,0.0794715079731534,0.0151610036069684,0.0606700290596592,0.208376319953978,1,1,0.0655915416299552,1005.373,NA
99,"BIDIFAC+",4,1,5,7,2,1,12,0.221045417909044,0.0362106354427607,0.576135202996933,0.110485160730972,0.387323426990408,0.997418451990927,0.172716125607929,2533.167,NA
100,"PPD",4,1,1,3,0,1,4,0.06051733710531,0.0157993824126202,0.0910285228116356,0.167735270330601,1,0.812394450729688,0.0510287914707189,954.093000000001,NA
100,"BIDIFAC+",4,1,4,8,1,1,12,0.217658174222079,0.0357414503738123,0.534252843024895,0.10300275900798,0.401107002846644,0.99985542532039,0.180575840130273,2514.862,NA
